<?xml version="1.0" encoding="UTF-8"?>
<addon id="plugin.video.jiocinema" name="JioCinema" version="1.0.11" provider-name="Ajay K">
	<requires>
		<import addon="script.module.six" />
		<import addon="script.module.kodi-six" />
		<import addon="script.module.requests" version="2.4.3"/>
		<import addon="script.common.plugin.cache" version="2.5.5"/>
		<import addon="script.module.codequick" version="1.0.2"/>
		<import addon="script.module.web-pdb" />
	</requires>
	<extension point="xbmc.python.pluginsource" library="default.py">
		<provides>video</provides>
	</extension>
	<extension point="xbmc.addon.metadata">
			<summary lang="en_GB">  </summary>
			<description lang="en_GB"> </description>
			<language> </language>
			<platform>all</platform>
			<license>GPL-3.0</license>
			<forum> </forum>
			<website> </website>
			<email> </email>
			<source> </source>
			<news> </news>
			<disclaimer> </disclaimer>
			<assets>
					<icon>icon.png</icon>
					<fanart>fanart.png</fanart>
			</assets>
	</extension>
</addon>
