<?xml version="1.0" encoding="UTF-8" standalone="yes"?>
<addon id="repository.ajayk" name="AjayK Addon Repository" version="1.1" provider-name="AjayK">
	<extension point="xbmc.addon.repository" name="AjayK Addons Repository">
		<dir>
			<info compressed="false">https://raw.githubusercontent.com/Vikassm73/AjaykRepo/main/addons.xml</info>
			<checksum>https://raw.githubusercontent.com/Vikassm73/AjaykRepo/main/addons.xml.md5</checksum>
			<datadir zip="true">https://raw.githubusercontent.com/Vikassm73/AjaykRepo/main/Zips/repository.ajayk</datadir>
		</dir>
		<dir>
			<info compressed="false">https://raw.githubusercontent.com/Gujal00/smrzips/master/addons.xml</info>
			<checksum>https://raw.githubusercontent.com/Gujal00/smrzips/master/addons.xml.md5</checksum>
			<datadir zip="true">https://raw.githubusercontent.com/Gujal00/smrzips/master/zips/</datadir>
	</dir>
	</extension>
	<extension point="xbmc.addon.metadata">
		<summary>Third party Addons for Kodi</summary>
		<description>AjayK Addons Repository</description>
		<platform>all</platform>
        <assets>
            <icon>icon.png</icon>
        </assets>
	</extension>
</addon>

