<?xml version="1.0" encoding="UTF-8" standalone="yes"?>
<addon id="plugin.video.zee5" name="Zee 5" version="2.1.11" provider-name="Ajay K">
    <requires>
		<import addon="script.module.six" />
		<import addon="script.module.kodi-six" />
		<import addon="script.module.routing" version="0.2.0"/>
		<import addon="script.module.requests" version="2.7.0"/>
		<import addon="script.common.plugin.cache" version="2.5.5"/>
		<import addon="script.module.web-pdb"/>
		<!--<import addon="script.module.selenium"/>-->
		<import addon="script.module.inputstreamhelper" version="0.4.2" />
    </requires>
    <extension point="xbmc.python.pluginsource" library="main.py">
        <provides>video</provides>
    </extension>
    <extension point="xbmc.addon.metadata">
        <summary lang="en_GB">At ZEE5, we believe that for entertainment to come alive, you need to feel it! With 12 Navigational, Featured languages across TV Shows, Movies, Original Web Series, International Shows, Acclaimed Plays and much more. Enjoy unlimited entertainment with 80+ LIVE TV channels and 100,000+ hours of video content in the language of your comfort for an experience that feels like home.</summary>
        <description lang="en_GB">
            At ZEE5, we believe that for entertainment to come alive, you need to feel it! With 12 Navigational, Featured languages across TV Shows, Movies, Original Web Series, International Shows, Acclaimed Plays and much more. Enjoy unlimited entertainment with 80+ LIVE TV channels and 100,000+ hours of video content in the language of your comfort for an experience that feels like home.
        </description>
        <language></language>
        <platform>all</platform>
        <license>GPL-3.0</license>
        <forum></forum>
        <website></website>
        <email></email>
        <source></source>
        <news></news>
        <disclaimer></disclaimer>
        <assets>
            <icon>icon.jpg</icon>
            <fanart>fanart.jpg</fanart>
        </assets>
    </extension>
</addon>
